"SiteUrl","WorkItemId","Status","LastProcessTimeUTC","CompleteTimeUTC","VersionsDeleted","VersionsFailed","StorageReleasedGB"
"https://soderberg.sharepoint.com/sites/FS-IT-Infrastructure","8d77e94c-5d72-46e7-81a8-66e19a8e28db","CompleteSuccess","2/16/2025 9:09:07 PM","2/16/2025 9:09:07 PM","19222","0","53.748"
"https://soderberg.sharepoint.com/sites/FS-Risk-Riskkontroll-hantering-Student",,"NoRequestFound",,,,,"0"
"https://soderberg.sharepoint.com/sites/FS-FDI",,"NoRequestFound",,,,,"0"
"https://soderberg.sharepoint.com/sites/FS-Lonefilsexperterna",,"NoRequestFound",,,,,"0"
"https://soderberg.sharepoint.com/sites/FS-ProjectChili",,"NoRequestFound",,,,,"0"
"https://soderberg.sharepoint.com/sites/FS-FredrikStahlberg",,"NoRequestFound",,,,,"0"
"https://soderberg.sharepoint.com/sites/FS-WM-PortfolioSolutions",,"NoRequestFound",,,,,"0"
"https://soderberg.sharepoint.com/sites/FS-PensionHub",,"NoRequestFound",,,,,"0"
"https://soderberg.sharepoint.com/sites/FS-TeamAllLines",,"NoRequestFound",,,,,"0"
"https://soderberg.sharepoint.com/sites/nl-cb-Algemeen1",,"NoRequestFound",,,,,"0"
"https://soderberg.sharepoint.com/sites/FS-SoljenochCoForsakringskonsultAB",,"NoRequestFound",,,,,"0"
"https://soderberg.sharepoint.com/sites/FS-Halmstadskontoretgemensam",,"NoRequestFound",,,,,"0"
"https://soderberg.sharepoint.com/sites/FS-EGL-Forsakring-Malmo-AB",,"NoRequestFound",,,,,"0"
"https://soderberg.sharepoint.com/sites/FS-IBNQ",,"NoRequestFound",,,,,"0"
"https://soderberg.sharepoint.com/sites/FS-Scania",,"NoRequestFound",,,,,"0"
"https://soderberg.sharepoint.com/sites/FS-TeamHolmstrom",,"NoRequestFound",,,,,"0"
"https://soderberg.sharepoint.com/sites/FS-Tailor",,"NoRequestFound",,,,,"0"
"https://soderberg.sharepoint.com/sites/FS-Catwave",,"NoRequestFound",,,,,"0"
"https://soderberg.sharepoint.com/sites/FS-WM-VDvVDGemensam",,"NoRequestFound",,,,,"0"
"https://soderberg.sharepoint.com/sites/FS-Ledningsgrupp-CentralAdminLiv",,"NoRequestFound",,,,,"0"
"https://soderberg.sharepoint.com/sites/FS-TeamFredriksson",,"NoRequestFound",,,,,"0"
"https://soderberg.sharepoint.com/sites/FS-MA-Student",,"NoRequestFound",,,,,"0"
"https://soderberg.sharepoint.com/sites/FS-FO-Skatt",,"NoRequestFound",,,,,"0"
"https://soderberg.sharepoint.com/sites/FS-WM-ChatGPT-Kunskapsklla",,"NoRequestFound",,,,,"0"
"https://soderberg.sharepoint.com/sites/FS-StenssonFinansochForsakringAB",,"NoRequestFound",,,,,"0"
"https://soderberg.sharepoint.com/sites/FS-SPHBAFStockholmAB",,"NoRequestFound",,,,,"0"
"https://soderberg.sharepoint.com/sites/FS-WM-Documentationcontrol",,"NoRequestFound",,,,,"0"
"https://soderberg.sharepoint.com/sites/FS-NO-Marked",,"NoRequestFound",,,,,"0"
"https://soderberg.sharepoint.com/sites/FS-Korsforsaljning",,"NoRequestFound",,,,,"0"
"https://soderberg.sharepoint.com/sites/FS-Paralegal-Juridik-Stab",,"NoRequestFound",,,,,"0"
"https://soderberg.sharepoint.com/sites/FS-TeamCommercial",,"NoRequestFound",,,,,"0"
"https://soderberg.sharepoint.com/sites/FS-Gavle",,"NoRequestFound",,,,,"0"
"https://soderberg.sharepoint.com/sites/FS-BolagsStammor2020",,"NoRequestFound",,,,,"0"
"https://soderberg.sharepoint.com/sites/FS-InproPartnersAB",,"NoRequestFound",,,,,"0"
"https://soderberg.sharepoint.com/sites/FS-JHSHStockholmAB",,"NoRequestFound",,,,,"0"
"https://soderberg.sharepoint.com/sites/NO-NL-KystmeglerDropboxBackup",,"NoRequestFound",,,,,"0"
"https://soderberg.sharepoint.com/sites/FS-VST",,"NoRequestFound",,,,,"0"
"https://soderberg.sharepoint.com/sites/FS-SPiUppsalaAB",,"NoRequestFound",,,,,"0"
"https://soderberg.sharepoint.com/sites/FS-Team2N",,"NoRequestFound",,,,,"0"
"https://soderberg.sharepoint.com/sites/FS-S.P.OlssonSthlmAB",,"NoRequestFound",,,,,"0"
"https://soderberg.sharepoint.com/sites/FS-Benefits-Sweden","5b59ae2c-5cb9-4d8c-8102-be4dc6541f24","CompleteSuccess","2/22/2025 12:10:44 PM","2/22/2025 12:10:44 PM","25030","0","53.706"
"https://soderberg.sharepoint.com/sites/FS-SIPoolDK",,"NoRequestFound",,,,,"0"
"https://soderberg.sharepoint.com/sites/FS-SE-Non-Life-Group",,"NoRequestFound",,,,,"0"
"https://soderberg.sharepoint.com/sites/FS-TeamAalborgSkade",,"NoRequestFound",,,,,"0"
"https://soderberg.sharepoint.com/sites/FS-Gavle2",,"NoRequestFound",,,,,"0"
"https://soderberg.sharepoint.com/sites/FS-PensionIT",,"NoRequestFound",,,,,"0"
"https://soderberg.sharepoint.com/sites/FS-RevenuesWM",,"NoRequestFound",,,,,"0"
"https://soderberg.sharepoint.com/sites/FS-Finance-BudgetSPICAB",,"NoRequestFound",,,,,"0"
"https://soderberg.sharepoint.com/sites/FS-Bokningar",,"NoRequestFound",,,,,"0"
"https://soderberg.sharepoint.com/sites/FS-SP_Zimply",,"NoRequestFound",,,,,"0"
"https://soderberg.sharepoint.com/sites/FS-FO-FTES","1f94af65-7c31-48be-b1ba-93f56614d1d1","InProgress","2/22/2025 2:30:05 PM",,"22299","1","6.663"
"https://soderberg.sharepoint.com/sites/FS-CA-STH",,"NoRequestFound",,,,,"0"
"https://soderberg.sharepoint.com/sites/FS-SvenskakreditforsakringarAB",,"NoRequestFound",,,,,"0"
"https://soderberg.sharepoint.com/sites/FS-NyaPremiecentralen",,"NoRequestFound",,,,,"0"
"https://soderberg.sharepoint.com/sites/FS-TeamCAForarbetenFlytt",,"NoRequestFound",,,,,"0"
"https://soderberg.sharepoint.com/sites/FS-SupportLiv",,"NoRequestFound",,,,,"0"
"https://soderberg.sharepoint.com/sites/FS-Receptionen-MSG20",,"NoRequestFound",,,,,"0"
"https://soderberg.sharepoint.com/sites/FS-SPLulea",,"NoRequestFound",,,,,"0"
"https://soderberg.sharepoint.com/sites/FS-SustainabilityWeek",,"NoRequestFound",,,,,"0"
"https://soderberg.sharepoint.com/sites/FS-SPHambergGustafssonAB",,"NoRequestFound",,,,,"0"
"https://soderberg.sharepoint.com/sites/FS-Schneider",,"NoRequestFound",,,,,"0"
"https://soderberg.sharepoint.com/sites/FS-TeamAlpha",,"NoRequestFound",,,,,"0"
"https://soderberg.sharepoint.com/sites/FS-Behorighetskontroller",,"NoRequestFound",,,,,"0"
"https://soderberg.sharepoint.com/sites/FS-WM-Styrdokument",,"NoRequestFound",,,,,"0"
"https://soderberg.sharepoint.com/sites/FS-Nordflex",,"NoRequestFound",,,,,"0"
"https://soderberg.sharepoint.com/sites/FS-BusinessSupport",,"NoRequestFound",,,,,"0"
"https://soderberg.sharepoint.com/sites/FS-CA-KAM",,"NoRequestFound",,,,,"0"
"https://soderberg.sharepoint.com/sites/FS-WM-AnalysForvaltninggem",,"NoRequestFound",,,,,"0"
"https://soderberg.sharepoint.com/sites/FS-Internkommunikation","944bf967-f056-495b-a0f8-631b8af3d057","CompleteSuccess","2/22/2025 3:39:21 PM","2/22/2025 3:39:21 PM","1538","0","204.061"
"https://soderberg.sharepoint.com/sites/FS-WM-GDPR",,"NoRequestFound",,,,,"0"
"https://soderberg.sharepoint.com/sites/FS-oootestsite01",,"NoRequestFound",,,,,"0"
"https://soderberg.sharepoint.com/sites/FS-NO-Eiendom",,"NoRequestFound",,,,,"0"
"https://soderberg.sharepoint.com/sites/FS-WM-Sticket",,"NoRequestFound",,,,,"0"
"https://soderberg.sharepoint.com/sites/FS-SemaforoAB",,"NoRequestFound",,,,,"0"
"https://soderberg.sharepoint.com/sites/nl-sm-Facilitair-F5819",,"NoRequestFound",,,,,"0"
"https://soderberg.sharepoint.com/sites/FS-WM-Kassa",,"NoRequestFound",,,,,"0"
"https://soderberg.sharepoint.com/sites/FS-CA-FO4",,"NoRequestFound",,,,,"0"
"https://soderberg.sharepoint.com/sites/FS-CornflakesAB",,"NoRequestFound",,,,,"0"
"https://soderberg.sharepoint.com/sites/FS-TeamGranlundMoller",,"NoRequestFound",,,,,"0"
"https://soderberg.sharepoint.com/sites/FS-LegalHumanResources",,"NoRequestFound",,,,,"0"
"https://soderberg.sharepoint.com/sites/FS-Team-Jonkoping-liv",,"NoRequestFound",,,,,"0"
"https://soderberg.sharepoint.com/sites/FS-HH2Admin",,"NoRequestFound",,,,,"0"
"https://soderberg.sharepoint.com/sites/FS-WM-SecuritiesExcellence",,"NoRequestFound",,,,,"0"
"https://soderberg.sharepoint.com/sites/FS-SE-Non-Life-tillvaxt-affarsutveckling",,"NoRequestFound",,,,,"0"
"https://soderberg.sharepoint.com/sites/FS-Vakuutusvahti",,"NoRequestFound",,,,,"0"
"https://soderberg.sharepoint.com/sites/FS-Munchenbryggeriet",,"NoRequestFound",,,,,"0"
"https://soderberg.sharepoint.com/sites/FS-WM-NPAP",,"NoRequestFound",,,,,"0"
"https://soderberg.sharepoint.com/sites/FS-Admindebitering",,"NoRequestFound",,,,,"0"
"https://soderberg.sharepoint.com/sites/FS-SPAssurans",,"NoRequestFound",,,,,"0"
"https://soderberg.sharepoint.com/sites/FS-SPBors",,"NoRequestFound",,,,,"0"
"https://soderberg.sharepoint.com/sites/FS-Juridik",,"NoRequestFound",,,,,"0"
"https://soderberg.sharepoint.com/sites/FS-SE-Life-Ledning",,"NoRequestFound",,,,,"0"
"https://soderberg.sharepoint.com/sites/FS-ProjectRise",,"NoRequestFound",,,,,"0"
"https://soderberg.sharepoint.com/sites/FS-Mynchen",,"NoRequestFound",,,,,"0"
"https://soderberg.sharepoint.com/sites/FS-ITScanningTest",,"NoRequestFound",,,,,"0"
"https://soderberg.sharepoint.com/sites/FS-Helsingborg",,"NoRequestFound",,,,,"0"
"https://soderberg.sharepoint.com/sites/FS-Woodridge",,"NoRequestFound",,,,,"0"
"https://soderberg.sharepoint.com/sites/FS-NO-VirkeForsikring",,"NoRequestFound",,,,,"0"
"https://soderberg.sharepoint.com/sites/GlobalGuidelinesTemplates",,"NoRequestFound",,,,,"0"
"https://soderberg.sharepoint.com/sites/FS-TeamHalmstadAB",,"NoRequestFound",,,,,"0"
"https://soderberg.sharepoint.com/sites/FS-SandbergochPartners",,"NoRequestFound",,,,,"0"
"https://soderberg.sharepoint.com/sites/FS-ProjectBlueprint",,"NoRequestFound",,,,,"0"
"https://soderberg.sharepoint.com/sites/FS-TeamNord",,"NoRequestFound",,,,,"0"
"https://soderberg.sharepoint.com/sites/FS-TeamKarlstadSkovde",,"NoRequestFound",,,,,"0"
"https://soderberg.sharepoint.com/sites/FS-FIEnkat",,"NoRequestFound",,,,,"0"
"https://soderberg.sharepoint.com/sites/FS-TeamOsth",,"NoRequestFound",,,,,"0"
"https://soderberg.sharepoint.com/sites/FS-SalesWealthManagement",,"NoRequestFound",,,,,"0"
"https://soderberg.sharepoint.com/sites/FS-WM-IM-Teamchef",,"NoRequestFound",,,,,"0"
"https://soderberg.sharepoint.com/sites/FS-Stureplan8",,"NoRequestFound",,,,,"0"
"https://soderberg.sharepoint.com/sites/FS-Pension-Produkt",,"NoRequestFound",,,,,"0"
"https://soderberg.sharepoint.com/sites/FS-SPGTWStockholmAB",,"NoRequestFound",,,,,"0"
"https://soderberg.sharepoint.com/sites/FS-SP-JOERSkellefteaAB",,"NoRequestFound",,,,,"0"
"https://soderberg.sharepoint.com/sites/FS-Ekonomirapporter",,"NoRequestFound",,,,,"0"
"https://soderberg.sharepoint.com/sites/FS-Assurans",,"NoRequestFound",,,,,"0"
"https://soderberg.sharepoint.com/sites/FS-TeamLandbrug",,"NoRequestFound",,,,,"0"
"https://soderberg.sharepoint.com/sites/FS-WM-TailorMade",,"NoRequestFound",,,,,"0"
"https://soderberg.sharepoint.com/sites/FS-SPUddevallaAB",,"NoRequestFound",,,,,"0"
"https://soderberg.sharepoint.com/sites/FS-Inforsaljningsmaterial-Liv",,"NoRequestFound",,,,,"0"
"https://soderberg.sharepoint.com/sites/G50",,"NoRequestFound",,,,,"0"
"https://soderberg.sharepoint.com/sites/FS-TeamLennartJonsson",,"NoRequestFound",,,,,"0"
"https://soderberg.sharepoint.com/sites/FS-NO-Medlemsforsikring",,"NoRequestFound",,,,,"0"
"https://soderberg.sharepoint.com/sites/FS-Team-Efterarbeten","4e220c67-2469-45fd-8c23-6d5e5cf1b671","CompleteSuccess","2/22/2025 1:03:53 AM","2/22/2025 1:03:53 AM","3522","0","13.324"
"https://soderberg.sharepoint.com/sites/FS-S.P.MikaelssonStockholmAB",,"NoRequestFound",,,,,"0"
"https://soderberg.sharepoint.com/sites/FS-TeamTransport",,"NoRequestFound",,,,,"0"
"https://soderberg.sharepoint.com/sites/FS-TeamKlippan",,"NoRequestFound",,,,,"0"
"https://soderberg.sharepoint.com/sites/FS-SE-ArchivedITonboarding",,"NoRequestFound",,,,,"0"
"https://soderberg.sharepoint.com/sites/nl-sm-Facilitair-D5",,"NoRequestFound",,,,,"0"
"https://soderberg.sharepoint.com/sites/FS-BergaHelsingborg",,"NoRequestFound",,,,,"0"
"https://soderberg.sharepoint.com/sites/FS-NO-LegalCompliance",,"NoRequestFound",,,,,"0"
"https://soderberg.sharepoint.com/sites/FS-SP-WestCoastAB",,"NoRequestFound",,,,,"0"
"https://soderberg.sharepoint.com/sites/FS-PensionPCG",,"NoRequestFound",,,,,"0"
"https://soderberg.sharepoint.com/sites/FS-DSSGoteborgAB",,"NoRequestFound",,,,,"0"
"https://soderberg.sharepoint.com/sites/FS-Nya-SPPAWALAB",,"NoRequestFound",,,,,"0"
"https://soderberg.sharepoint.com/sites/FS-Forsakringsstrategi",,"NoRequestFound",,,,,"0"
"https://soderberg.sharepoint.com/sites/FS-SPPrivateClientsSupportAB",,"NoRequestFound",,,,,"0"
"https://soderberg.sharepoint.com/sites/FS-POSHAB",,"NoRequestFound",,,,,"0"
"https://soderberg.sharepoint.com/sites/FS-NO-ClaimsLink",,"NoRequestFound",,,,,"0"
"https://soderberg.sharepoint.com/sites/nl-em-ITAdmin",,"NoRequestFound",,,,,"0"
"https://soderberg.sharepoint.com/sites/FS-Formedlarregister",,"NoRequestFound",,,,,"0"
"https://soderberg.sharepoint.com/sites/FS-NO-MeglingNaering",,"NoRequestFound",,,,,"0"
"https://soderberg.sharepoint.com/sites/FS-Skyddade_dokument_individ",,"NoRequestFound",,,,,"0"
"https://soderberg.sharepoint.com/sites/FS-DR",,"NoRequestFound",,,,,"0"
"https://soderberg.sharepoint.com/sites/FS-AkeDanielssonKonsultiVarnamoAB",,"NoRequestFound",,,,,"0"
"https://soderberg.sharepoint.com/sites/FS-SP-JPJPVaxjoAB",,"NoRequestFound",,,,,"0"
"https://soderberg.sharepoint.com/sites/FS-RAALAB",,"NoRequestFound",,,,,"0"
"https://soderberg.sharepoint.com/sites/FS-MattiasJonssonITSupportX",,"NoRequestFound",,,,,"0"
"https://soderberg.sharepoint.com/sites/FS-SE-Non-Life-ClientFunds",,"NoRequestFound",,,,,"0"
"https://soderberg.sharepoint.com/sites/FS-Team-Jan-Allan-Sundsvall",,"NoRequestFound",,,,,"0"
"https://soderberg.sharepoint.com/sites/FS-WM-Boarding",,"NoRequestFound",,,,,"0"
"https://soderberg.sharepoint.com/sites/FS-Gustafssonsthlm",,"NoRequestFound",,,,,"0"
"https://soderberg.sharepoint.com/sites/FS-Onboarding",,"NoRequestFound",,,,,"0"
"https://soderberg.sharepoint.com/sites/FS-ComplianceASM",,"NoRequestFound",,,,,"0"
"https://soderberg.sharepoint.com/sites/FS-S.P.Sjuharad",,"NoRequestFound",,,,,"0"
"https://soderberg.sharepoint.com/sites/FS-WM-Documentationcontrol-shared",,"NoRequestFound",,,,,"0"
"https://soderberg.sharepoint.com/sites/FS-Risk-Konfidentiell-Allvarlig",,"NoRequestFound",,,,,"0"
"https://soderberg.sharepoint.com/sites/FS-Barrling",,"NoRequestFound",,,,,"0"
"https://soderberg.sharepoint.com/sites/FS-SPWealthNorrAB",,"NoRequestFound",,,,,"0"
"https://soderberg.sharepoint.com/sites/FS-Industrinyforsaljning",,"NoRequestFound",,,,,"0"
"https://soderberg.sharepoint.com/sites/FS-Eskilstuna",,"NoRequestFound",,,,,"0"
"https://soderberg.sharepoint.com/sites/FS-TeamByggmastargatan",,"NoRequestFound",,,,,"0"
"https://soderberg.sharepoint.com/sites/FS-SE-Non-Life-Affinity",,"NoRequestFound",,,,,"0"
"https://soderberg.sharepoint.com/sites/FS-WilhelmHenriochSamuel",,"NoRequestFound",,,,,"0"
"https://soderberg.sharepoint.com/sites/FS-Aktiebocker-POSHAB",,"NoRequestFound",,,,,"0"
"https://soderberg.sharepoint.com/sites/FS-SE-Non-Life-Kvant","8bb13620-f081-4a63-a9b8-2b792022e2e8","InProgress","2/22/2025 3:05:55 PM",,"61034","0","141.047"
"https://soderberg.sharepoint.com/sites/FS-NL-MA-LegalCollaboration",,"NoRequestFound",,,,,"0"
"https://soderberg.sharepoint.com/sites/FS-TeamNewSpirit",,"NoRequestFound",,,,,"0"
"https://soderberg.sharepoint.com/sites/FS-ProjectRunway",,"NoRequestFound",,,,,"0"
"https://soderberg.sharepoint.com/sites/FS-TeamRamel",,"NoRequestFound",,,,,"0"
"https://soderberg.sharepoint.com/sites/nl-sm-Dossiercontrole",,"NoRequestFound",,,,,"0"
"https://soderberg.sharepoint.com/sites/FS-AnsvarsforsikringPI",,"NoRequestFound",,,,,"0"
"https://soderberg.sharepoint.com/sites/FS-SP-VasterasAB",,"NoRequestFound",,,,,"0"
"https://soderberg.sharepoint.com/sites/FS-WM-CFO",,"NoRequestFound",,,,,"0"
"https://soderberg.sharepoint.com/sites/FS-AnalysLLM",,"NoRequestFound",,,,,"0"
"https://soderberg.sharepoint.com/sites/FS-Bonusmallar",,"NoRequestFound",,,,,"0"
"https://soderberg.sharepoint.com/sites/FS-Asset-Management",,"NoRequestFound",,,,,"0"
"https://soderberg.sharepoint.com/sites/FS-FRStab",,"NoRequestFound",,,,,"0"
"https://soderberg.sharepoint.com/sites/FS-WM-Radgivarrapporter",,"NoRequestFound",,,,,"0"
"https://soderberg.sharepoint.com/sites/FS-FO-Ledningsgruppen",,"NoRequestFound",,,,,"0"
"https://soderberg.sharepoint.com/sites/FS-TeamFallman",,"NoRequestFound",,,,,"0"
"https://soderberg.sharepoint.com/sites/FS-NPCKonsumentsystem",,"NoRequestFound",,,,,"0"
"https://soderberg.sharepoint.com/sites/fs-wm-stabsansvariga",,"NoRequestFound",,,,,"0"
"https://soderberg.sharepoint.com/sites/FS-TeamNiclasLarsson",,"NoRequestFound",,,,,"0"
"https://soderberg.sharepoint.com/sites/FS-KalmarkontoretLiv",,"NoRequestFound",,,,,"0"
"https://soderberg.sharepoint.com/sites/FS-Aktieinvest",,"NoRequestFound",,,,,"0"
"https://soderberg.sharepoint.com/sites/FS-BelnhamAB",,"NoRequestFound",,,,,"0"
"https://soderberg.sharepoint.com/sites/FS-S.P.MurrayStockholmAB",,"NoRequestFound",,,,,"0"
"https://soderberg.sharepoint.com/sites/FS-SPPortfoljstrategiAB",,"NoRequestFound",,,,,"0"
"https://soderberg.sharepoint.com/sites/FS-Factor-liv",,"NoRequestFound",,,,,"0"
"https://soderberg.sharepoint.com/sites/FS-MANIGavle",,"NoRequestFound",,,,,"0"
"https://soderberg.sharepoint.com/sites/FS-UddevallaSAK",,"NoRequestFound",,,,,"0"
"https://soderberg.sharepoint.com/sites/FS-SPInternational",,"NoRequestFound",,,,,"0"
"https://soderberg.sharepoint.com/sites/FS-WM-Kreditgivning",,"NoRequestFound",,,,,"0"
"https://soderberg.sharepoint.com/sites/FS-BerglundochSoderberg",,"NoRequestFound",,,,,"0"
"https://soderberg.sharepoint.com/sites/FS-ExternalMarketing",,"NoRequestFound",,,,,"0"
"https://soderberg.sharepoint.com/sites/nl-sm-Facilitair-EBD",,"NoRequestFound",,,,,"0"
"https://soderberg.sharepoint.com/sites/FS-WM-RiskQuant","5712a6e8-5ca3-423f-9bff-aa0c535e2707","InProgress","2/22/2025 4:00:51 PM",,"2903","0","170.83"
"https://soderberg.sharepoint.com/sites/FS-LevlerLG",,"NoRequestFound",,,,,"0"
"https://soderberg.sharepoint.com/sites/FS-SecuritiesAccountingandBusinessControl",,"NoRequestFound",,,,,"0"
"https://soderberg.sharepoint.com/sites/FS-TailorgruppenNordmark",,"NoRequestFound",,,,,"0"
"https://soderberg.sharepoint.com/sites/TemplateFSSites",,"NoRequestFound",,,,,"0"
"https://soderberg.sharepoint.com/sites/FS-ProjectFit",,"NoRequestFound",,,,,"0"
"https://soderberg.sharepoint.com/sites/FS-Wisetalk",,"NoRequestFound",,,,,"0"
"https://soderberg.sharepoint.com/sites/FS-WM-IT",,"NoRequestFound",,,,,"0"
"https://soderberg.sharepoint.com/sites/FS-WM-KontrollunderlagIM",,"NoRequestFound",,,,,"0"
"https://soderberg.sharepoint.com/sites/nl-sm-Prikbord",,"NoRequestFound",,,,,"0"
"https://soderberg.sharepoint.com/sites/FS-GlobenLiv",,"NoRequestFound",,,,,"0"
"https://soderberg.sharepoint.com/sites/FS-LifeSPBergslagen",,"NoRequestFound",,,,,"0"
"https://soderberg.sharepoint.com/sites/FS-Complaints-Archive",,"NoRequestFound",,,,,"0"
"https://soderberg.sharepoint.com/sites/FS-Risk-Riskkontroll-hantering",,"NoRequestFound",,,,,"0"
"https://soderberg.sharepoint.com/sites/FS-TeamSPP",,"NoRequestFound",,,,,"0"
"https://soderberg.sharepoint.com/sites/FS-SE-Non-Life-IT-Projects",,"NoRequestFound",,,,,"0"
"https://soderberg.sharepoint.com/sites/FS-TeamStenstan",,"NoRequestFound",,,,,"0"
"https://soderberg.sharepoint.com/sites/FS-TeamShanghai",,"NoRequestFound",,,,,"0"
"https://soderberg.sharepoint.com/sites/FS-Optimum",,"NoRequestFound",,,,,"0"
"https://soderberg.sharepoint.com/sites/FS-S.P.SjuharadLedning",,"NoRequestFound",,,,,"0"
"https://soderberg.sharepoint.com/sites/FS-ICAMappen",,"NoRequestFound",,,,,"0"
"https://soderberg.sharepoint.com/sites/FS-AdvisoryNews",,"NoRequestFound",,,,,"0"
"https://soderberg.sharepoint.com/sites/FS-WM-Depa-Kassa-Gemensam",,"NoRequestFound",,,,,"0"
"https://soderberg.sharepoint.com/sites/FS-SE-Non-Life-IT-InsuranceSystems",,"NoRequestFound",,,,,"0"
"https://soderberg.sharepoint.com/sites/FS-SE-Non-Life-BusinessDevelopment-Non-LifeIT",,"NoRequestFound",,,,,"0"
"https://soderberg.sharepoint.com/sites/FS-SPDanmark",,"NoRequestFound",,,,,"0"
"https://soderberg.sharepoint.com/sites/FS-TeamTime",,"NoRequestFound",,,,,"0"
"https://soderberg.sharepoint.com/sites/FS-Optimum-Dev",,"NoRequestFound",,,,,"0"
"https://soderberg.sharepoint.com/sites/FS-ComplianceSPBolan",,"NoRequestFound",,,,,"0"
"https://soderberg.sharepoint.com/sites/FS-TeamKMI",,"NoRequestFound",,,,,"0"
"https://soderberg.sharepoint.com/sites/FS-PEMGoteborgAB",,"NoRequestFound",,,,,"0"
"https://soderberg.sharepoint.com/sites/FS-TeamNorge",,"NoRequestFound",,,,,"0"
"https://soderberg.sharepoint.com/sites/FS-ComplianceSPICAB",,"NoRequestFound",,,,,"0"
"https://soderberg.sharepoint.com/sites/FS-SPKinnaKommanditbolag",,"NoRequestFound",,,,,"0"
"https://soderberg.sharepoint.com/sites/FS-ComplianceWM",,"NoRequestFound",,,,,"0"
"https://soderberg.sharepoint.com/sites/TEST-Affarsstod",,"NoRequestFound",,,,,"0"
"https://soderberg.sharepoint.com/sites/FS-LegalDK",,"NoRequestFound",,,,,"0"
"https://soderberg.sharepoint.com/sites/FS-OptioKapitalforvaltningAB",,"NoRequestFound",,,,,"0"
"https://soderberg.sharepoint.com/sites/FS-SP-HMSO-Goteborg-AB",,"NoRequestFound",,,,,"0"
"https://soderberg.sharepoint.com/sites/FS-Event","cad62a54-78d5-43af-8d60-41e4df17835a","InProgress","2/22/2025 4:13:21 PM",,"5239","0","9.514"
"https://soderberg.sharepoint.com/sites/FS-Complaints-SPICAB",,"NoRequestFound",,,,,"0"
"https://soderberg.sharepoint.com/sites/FS-JSjogrenKonsultationAB",,"NoRequestFound",,,,,"0"
"https://soderberg.sharepoint.com/sites/nl-sm-POC-Dataverse",,"NoRequestFound",,,,,"0"
"https://soderberg.sharepoint.com/sites/FS-TeamGranberg",,"NoRequestFound",,,,,"0"
"https://soderberg.sharepoint.com/sites/FS-SAABAdministration",,"NoRequestFound",,,,,"0"
"https://soderberg.sharepoint.com/sites/FS-CA-FO2",,"NoRequestFound",,,,,"0"
"https://soderberg.sharepoint.com/sites/FS-PayrollLedning",,"NoRequestFound",,,,,"0"
"https://soderberg.sharepoint.com/sites/FS-Sourcing_NL",,"NoRequestFound",,,,,"0"
"https://soderberg.sharepoint.com/sites/FS-WM-InvestmgrMaillist",,"NoRequestFound",,,,,"0"
"https://soderberg.sharepoint.com/sites/FS-Umea",,"NoRequestFound",,,,,"0"
"https://soderberg.sharepoint.com/sites/FS-HH2-AB",,"NoRequestFound",,,,,"0"
"https://soderberg.sharepoint.com/sites/FS-SPInternPension",,"NoRequestFound",,,,,"0"
"https://soderberg.sharepoint.com/sites/FS-WM-Investmgmt",,"NoRequestFound",,,,,"0"
"https://soderberg.sharepoint.com/sites/FS-TeamByggEntreprenad",,"NoRequestFound",,,,,"0"
"https://soderberg.sharepoint.com/sites/FS-DK-Dinpensionsmaegler",,"NoRequestFound",,,,,"0"
"https://soderberg.sharepoint.com/sites/FS-S.P.M.AndrenStockholmAB",,"NoRequestFound",,,,,"0"
"https://soderberg.sharepoint.com/sites/FS-SE-Non-Life-AnalysSak",,"NoRequestFound",,,,,"0"
"https://soderberg.sharepoint.com/sites/FS-Academygemensammafiler",,"NoRequestFound",,,,,"0"
"https://soderberg.sharepoint.com/sites/FS-JirvingGieseckeForsakring",,"NoRequestFound",,,,,"0"
"https://soderberg.sharepoint.com/sites/FS-TeamSoborg",,"NoRequestFound",,,,,"0"
"https://soderberg.sharepoint.com/sites/nl-sm-Desk-Accountmanagement",,"NoRequestFound",,,,,"0"
"https://soderberg.sharepoint.com/sites/FS-SE-Non-Life-MartinServera",,"NoRequestFound",,,,,"0"
"https://soderberg.sharepoint.com/sites/FS-TEAMJPFRIDA",,"NoRequestFound",,,,,"0"
"https://soderberg.sharepoint.com/sites/FS-Nore",,"NoRequestFound",,,,,"0"
"https://soderberg.sharepoint.com/sites/FS-Teamahlund",,"NoRequestFound",,,,,"0"
"https://soderberg.sharepoint.com/sites/FS-Humle",,"NoRequestFound",,,,,"0"
"https://soderberg.sharepoint.com/sites/Brand",,"NoRequestFound",,,,,"0"
"https://soderberg.sharepoint.com/sites/FS-LedningsgruppCentralAdminSAK",,"NoRequestFound",,,,,"0"
"https://soderberg.sharepoint.com/sites/FS-JWSPCapitalAB",,"NoRequestFound",,,,,"0"
"https://soderberg.sharepoint.com/sites/FS-SE-NonLifeIT-InsuranceSystems_CopypasteHeroes",,"NoRequestFound",,,,,"0"
"https://soderberg.sharepoint.com/sites/FS-TeamGoteborg",,"NoRequestFound",,,,,"0"
"https://soderberg.sharepoint.com/sites/FS-SP-BSAStockholmAB",,"NoRequestFound",,,,,"0"
"https://soderberg.sharepoint.com/sites/FS-Capitalis",,"NoRequestFound",,,,,"0"
"https://soderberg.sharepoint.com/sites/FS-SoderbergPartners-Styrelsemote",,"NoRequestFound",,,,,"0"
"https://soderberg.sharepoint.com/sites/FS-SP-Consortum",,"NoRequestFound",,,,,"0"
"https://soderberg.sharepoint.com/sites/FS-Utbildning-CA",,"NoRequestFound",,,,,"0"
"https://soderberg.sharepoint.com/sites/FS-NO-PartnerNaering",,"NoRequestFound",,,,,"0"
"https://soderberg.sharepoint.com/sites/FS-Sparkonto",,"NoRequestFound",,,,,"0"
"https://soderberg.sharepoint.com/sites/FS-TeamJPMFL-Admin",,"NoRequestFound",,,,,"0"
"https://soderberg.sharepoint.com/sites/FS-Goteborg",,"NoRequestFound",,,,,"0"
"https://soderberg.sharepoint.com/sites/FS-S.P.SvenssonStockholmAB",,"NoRequestFound",,,,,"0"
"https://soderberg.sharepoint.com/sites/FS-PersonligPortfoljanalysiMalmoAB",,"NoRequestFound",,,,,"0"
"https://soderberg.sharepoint.com/sites/fs-Kontorsansvariga",,"NoRequestFound",,,,,"0"
"https://soderberg.sharepoint.com/sites/FS-TeamStrike",,"NoRequestFound",,,,,"0"
"https://soderberg.sharepoint.com/sites/FS-TeamRedhawk",,"NoRequestFound",,,,,"0"
"https://soderberg.sharepoint.com/sites/FS-JRSAssetManagement",,"NoRequestFound",,,,,"0"
"https://soderberg.sharepoint.com/sites/FS-HRPension",,"NoRequestFound",,,,,"0"
"https://soderberg.sharepoint.com/sites/FS-S.P.KapitalforvaltningJonkopingAB",,"NoRequestFound",,,,,"0"
"https://soderberg.sharepoint.com/sites/FS-NV64",,"NoRequestFound",,,,,"0"
"https://soderberg.sharepoint.com/sites/FS-ProjectTexas",,"NoRequestFound",,,,,"0"
"https://soderberg.sharepoint.com/sites/nl-sm-All-Company",,"NoRequestFound",,,,,"0"
"https://soderberg.sharepoint.com/sites/FS-Team-Ameln",,"NoRequestFound",,,,,"0"
"https://soderberg.sharepoint.com/sites/FS-SPCompben",,"NoRequestFound",,,,,"0"
"https://soderberg.sharepoint.com/sites/FS-WM-VD-Stab",,"NoRequestFound",,,,,"0"
"https://soderberg.sharepoint.com/sites/FS-GBG",,"NoRequestFound",,,,,"0"
"https://soderberg.sharepoint.com/sites/FS-Norrebro",,"NoRequestFound",,,,,"0"
"https://soderberg.sharepoint.com/sites/cdn",,"NoRequestFound",,,,,"0"
"https://soderberg.sharepoint.com/sites/nl-sm-Sjablonen",,"NoRequestFound",,,,,"0"
"https://soderberg.sharepoint.com/sites/FS-StockholmKapitalpartnerAB",,"NoRequestFound",,,,,"0"
"https://soderberg.sharepoint.com/sites/FS-SE-Finance-Riskhantering",,"NoRequestFound",,,,,"0"
"https://soderberg.sharepoint.com/sites/FS-WM-Wassum-VP",,"NoRequestFound",,,,,"0"
"https://soderberg.sharepoint.com/sites/FS-TestSiteWallerman",,"NoRequestFound",,,,,"0"
"https://soderberg.sharepoint.com/sites/FS-S.P.LivteamJonkopingAB",,"NoRequestFound",,,,,"0"
"https://soderberg.sharepoint.com/sites/FS-ProjectReload",,"NoRequestFound",,,,,"0"
"https://soderberg.sharepoint.com/sites/FS-SP-KinnaKommanditbolag",,"NoRequestFound",,,,,"0"
"https://soderberg.sharepoint.com/sites/FS-CA-Plus",,"NoRequestFound",,,,,"0"
"https://soderberg.sharepoint.com/sites/FS-FinancialCrimeWM",,"NoRequestFound",,,,,"0"
"https://soderberg.sharepoint.com/sites/FS-Pension-Opex",,"NoRequestFound",,,,,"0"
"https://soderberg.sharepoint.com/sites/FS-ClaimsLink-Sweden",,"NoRequestFound",,,,,"0"
"https://soderberg.sharepoint.com/sites/FS-HR-Sweden",,"NoRequestFound",,,,,"0"
"https://soderberg.sharepoint.com/sites/FS-SE-Non-Life-Nova",,"NoRequestFound",,,,,"0"
"https://soderberg.sharepoint.com/sites/FS-SE-GDPR",,"NoRequestFound",,,,,"0"
"https://soderberg.sharepoint.com/sites/HH2Motesbokningen",,"NoRequestFound",,,,,"0"
"https://soderberg.sharepoint.com/sites/FS-WM-Depa",,"NoRequestFound",,,,,"0"
"https://soderberg.sharepoint.com/sites/FS-SPLivOresundAB",,"NoRequestFound",,,,,"0"
"https://soderberg.sharepoint.com/sites/FS-DK-Liv",,"NoRequestFound",,,,,"0"
"https://soderberg.sharepoint.com/sites/FS-TeamAalborgLiv",,"NoRequestFound",,,,,"0"
"https://soderberg.sharepoint.com/sites/FS-MA",,"NoRequestFound",,,,,"0"
"https://soderberg.sharepoint.com/sites/FS-FinanceRisk",,"NoRequestFound",,,,,"0"
"https://soderberg.sharepoint.com/sites/FS-JuridikScannat",,"NoRequestFound",,,,,"0"
"https://soderberg.sharepoint.com/sites/FS-WM-IM-Ledning",,"NoRequestFound",,,,,"0"
"https://soderberg.sharepoint.com/sites/FS-Brand","ec8ecaec-f1d5-4ad7-8229-67bc5f2f0916","InProgress","2/22/2025 3:33:04 PM",,"5326","0","68.696"
"https://soderberg.sharepoint.com/sites/FS-Krisgruppen",,"NoRequestFound",,,,,"0"
"https://soderberg.sharepoint.com/sites/FS-HK-Direct",,"NoRequestFound",,,,,"0"
"https://soderberg.sharepoint.com/sites/FS-WM-Funktionsgruppsmote",,"NoRequestFound",,,,,"0"
"https://soderberg.sharepoint.com/sites/FS-S.P.OASStockholmAB",,"NoRequestFound",,,,,"0"
"https://soderberg.sharepoint.com/sites/FS-SPNorrAB",,"NoRequestFound",,,,,"0"
"https://soderberg.sharepoint.com/sites/FS-Staben-Denmark","fc6cb96e-c99c-4cf2-b3a0-c9004a7186f5","InProgress","2/22/2025 4:42:11 PM",,"2","0","0.006"
"https://soderberg.sharepoint.com/sites/FS-WM-Utbildningsmaterial",,"NoRequestFound",,,,,"0"
"https://soderberg.sharepoint.com/sites/FS-Pension-IT-Developer",,"NoRequestFound",,,,,"0"
"https://soderberg.sharepoint.com/sites/FS-SE-Non-Life-RiskManagement",,"NoRequestFound",,,,,"0"
"https://soderberg.sharepoint.com/sites/FS-TeamAzizi",,"NoRequestFound",,,,,"0"
"https://soderberg.sharepoint.com/sites/FS-SPNPUFUppsala",,"NoRequestFound",,,,,"0"
"https://soderberg.sharepoint.com/sites/FS-Communication",,"NoRequestFound",,,,,"0"
"https://soderberg.sharepoint.com/sites/FS-Archive-Teamdisk","25500180-4eeb-4eb8-87d0-a1c00069c0c7","CompleteSuccess","2/21/2025 12:58:46 AM","2/21/2025 12:58:46 AM","7","0","0"
"https://soderberg.sharepoint.com/sites/FS-Konsolideradsituation",,"NoRequestFound",,,,,"0"
"https://soderberg.sharepoint.com/sites/FS-Amrego-arkiv",,"NoRequestFound",,,,,"0"
"https://soderberg.sharepoint.com/sites/FS-TeamRealEstate",,"NoRequestFound",,,,,"0"
"https://soderberg.sharepoint.com/sites/FS-BeredskapsplanSPICAB",,"NoRequestFound",,,,,"0"
"https://soderberg.sharepoint.com/sites/nl-cb-STPConnect",,"NoRequestFound",,,,,"0"
"https://soderberg.sharepoint.com/sites/FS-SPPeromikInformationAB",,"NoRequestFound",,,,,"0"
"https://soderberg.sharepoint.com/sites/FS-ProjectViking",,"NoRequestFound",,,,,"0"
"https://soderberg.sharepoint.com/sites/FS-SPANPO",,"NoRequestFound",,,,,"0"
"https://soderberg.sharepoint.com/sites/FS-SAKSydvast",,"NoRequestFound",,,,,"0"
"https://soderberg.sharepoint.com/sites/FS-Compare-AB",,"NoRequestFound",,,,,"0"
"https://soderberg.sharepoint.com/sites/NL-EM-Operations",,"NoRequestFound",,,,,"0"
"https://soderberg.sharepoint.com/sites/FS-Inpro",,"NoRequestFound",,,,,"0"
"https://soderberg.sharepoint.com/sites/FS-S.P.PDStockholmAB",,"NoRequestFound",,,,,"0"
"https://soderberg.sharepoint.com/sites/fs-wm-support",,"NoRequestFound",,,,,"0"
"https://soderberg.sharepoint.com/sites/FS-Fondkompassen",,"NoRequestFound",,,,,"0"
"https://soderberg.sharepoint.com/sites/FS-PensionAffarsstod",,"NoRequestFound",,,,,"0"
"https://soderberg.sharepoint.com/sites/FS-IntelligentAutomation",,"NoRequestFound",,,,,"0"
"https://soderberg.sharepoint.com/sites/FS-WM-Ersattningskommitten",,"NoRequestFound",,,,,"0"
"https://soderberg.sharepoint.com/sites/FS-NO-Finance","f9e44b0a-3500-48d7-8cd9-68eec9fd4083","InProgress","2/22/2025 4:27:24 PM",,"5345","11","17.141"
"https://soderberg.sharepoint.com/sites/FS-Datarum",,"NoRequestFound",,,,,"0"
"https://soderberg.sharepoint.com/sites/FS-PrivatPensionAS",,"NoRequestFound",,,,,"0"
"https://soderberg.sharepoint.com/sites/FS-TemplateSiteNo365Group",,"NoRequestFound",,,,,"0"
"https://soderberg.sharepoint.com/sites/FS-Bolagsformalia",,"NoRequestFound",,,,,"0"
"https://soderberg.sharepoint.com/sites/FS-SE-Non-Life-Funktion",,"NoRequestFound",,,,,"0"
"https://soderberg.sharepoint.com/sites/nl-sm-ManagementAcura",,"NoRequestFound",,,,,"0"
"https://soderberg.sharepoint.com/sites/FS-UtbildningLiv","dea7a495-ef1b-4ade-ba3f-b06b1b5336d0","InProgress","2/22/2025 3:13:32 PM",,"74","0","3.09"
"https://soderberg.sharepoint.com/sites/FS-Complaints-Wealth-Management",,"NoRequestFound",,,,,"0"
"https://soderberg.sharepoint.com/sites/FS-WM-KRStab",,"NoRequestFound",,,,,"0"
"https://soderberg.sharepoint.com/sites/FS-DiseJarasInvast",,"NoRequestFound",,,,,"0"
"https://soderberg.sharepoint.com/sites/FS-JyskForsikringsmaglerApsSalg",,"NoRequestFound",,,,,"0"
"https://soderberg.sharepoint.com/sites/FS-SP-KAIHAKGoteborgAB",,"NoRequestFound",,,,,"0"
"https://soderberg.sharepoint.com/sites/FS-EkTe",,"NoRequestFound",,,,,"0"
"https://soderberg.sharepoint.com/sites/FS-AvtalshanteringLiv",,"NoRequestFound",,,,,"0"
"https://soderberg.sharepoint.com/sites/FS-NordblomWik",,"NoRequestFound",,,,,"0"
"https://soderberg.sharepoint.com/sites/FS-Plusplan",,"NoRequestFound",,,,,"0"
"https://soderberg.sharepoint.com/sites/FS-PensionTillvaxt",,"NoRequestFound",,,,,"0"
"https://soderberg.sharepoint.com/sites/FS-Externkommunikation","4aa9eb10-892f-4c19-9c6a-e15e7ec36233","InProgress","2/22/2025 3:42:13 PM",,"2210","0","12.532"
"https://soderberg.sharepoint.com/sites/nl-sm-PlanJePlek",,"NoRequestFound",,,,,"0"
"https://soderberg.sharepoint.com/sites/FS-Levler_alla",,"NoRequestFound",,,,,"0"
"https://soderberg.sharepoint.com/sites/SoP-Azureaccessreview",,"NoRequestFound",,,,,"0"
"https://soderberg.sharepoint.com/sites/FS-SPLinkoping",,"NoRequestFound",,,,,"0"
"https://soderberg.sharepoint.com/sites/FS-SPBRLIGoteborgAB",,"NoRequestFound",,,,,"0"
"https://soderberg.sharepoint.com/sites/FS-MnA-Projects",,"NoRequestFound",,,,,"0"
"https://soderberg.sharepoint.com/sites/FS-WM-WealthAdmin",,"NoRequestFound",,,,,"0"
"https://soderberg.sharepoint.com/sites/FS-Svea-Solna",,"NoRequestFound",,,,,"0"
"https://soderberg.sharepoint.com/sites/MSStreamOrphanedVideos",,"NoRequestFound",,,,,"0"
"https://soderberg.sharepoint.com/sites/FS-SE-Non-Life-Models","6ecc5942-900c-417c-897b-02a51fb5798d","InProgress","2/22/2025 5:13:21 PM",,"9853","0","2.339"
"https://soderberg.sharepoint.com/sites/FS-RaspberryInternationalAB",,"NoRequestFound",,,,,"0"
"https://soderberg.sharepoint.com/sites/FS-FO-Familjeratt",,"NoRequestFound",,,,,"0"
"https://soderberg.sharepoint.com/sites/FS-BenefitsGlobal",,"NoRequestFound",,,,,"0"
"https://soderberg.sharepoint.com/sites/FS-CS-FO5",,"NoRequestFound",,,,,"0"
"https://soderberg.sharepoint.com/sites/FS-TeamS.P.Smland",,"NoRequestFound",,,,,"0"
"https://soderberg.sharepoint.com/sites/nl-cb-Confidum",,"NoRequestFound",,,,,"0"
"https://soderberg.sharepoint.com/sites/FS-Polisforbundet",,"NoRequestFound",,,,,"0"
"https://soderberg.sharepoint.com/sites/FS-SormanPartners",,"NoRequestFound",,,,,"0"
"https://soderberg.sharepoint.com/sites/FS-T4Brokers",,"NoRequestFound",,,,,"0"
"https://soderberg.sharepoint.com/sites/FS-ProjectTime",,"NoRequestFound",,,,,"0"
"https://soderberg.sharepoint.com/sites/FS-Vasteras",,"NoRequestFound",,,,,"0"
"https://soderberg.sharepoint.com/sites/FS-TeamSPDL",,"NoRequestFound",,,,,"0"
"https://soderberg.sharepoint.com/sites/FS-Affarscoach",,"NoRequestFound",,,,,"0"
"https://soderberg.sharepoint.com/sites/FS-WM-Arvodering",,"NoRequestFound",,,,,"0"
"https://soderberg.sharepoint.com/sites/fs-aren",,"NoRequestFound",,,,,"0"
"https://soderberg.sharepoint.com/sites/nl-sm-Leadgeneratie-B6702",,"NoRequestFound",,,,,"0"
"https://soderberg.sharepoint.com/sites/FS-Receptionen-S8",,"NoRequestFound",,,,,"0"
"https://soderberg.sharepoint.com/sites/FS-WendigoAB",,"NoRequestFound",,,,,"0"
"https://soderberg.sharepoint.com/sites/FS-TeamCAHenrikvonReis",,"NoRequestFound",,,,,"0"
"https://soderberg.sharepoint.com/sites/FS-ELLPEKapitalforvaltningAB",,"NoRequestFound",,,,,"0"
"https://soderberg.sharepoint.com/sites/FS-A-Team",,"NoRequestFound",,,,,"0"
"https://soderberg.sharepoint.com/sites/FS-TeamSouth",,"NoRequestFound",,,,,"0"
"https://soderberg.sharepoint.com/sites/FS-CliffMoller",,"NoRequestFound",,,,,"0"
"https://soderberg.sharepoint.com/sites/FS-WM-DCP",,"NoRequestFound",,,,,"0"
"https://soderberg.sharepoint.com/sites/FS-SPJesbaStockholmAB",,"NoRequestFound",,,,,"0"
"https://soderberg.sharepoint.com/sites/FS-WM-Operations","bc755cef-367a-45a1-9663-13f072c7edfc","CompleteSuccess","2/22/2025 2:54:57 PM","2/22/2025 2:54:57 PM","14811","0","9.152"
"https://soderberg.sharepoint.com/sites/FS-Pensionskompagniet",,"NoRequestFound",,,,,"0"
"https://soderberg.sharepoint.com/sites/FS-SPUddevallaKontorsmapp",,"NoRequestFound",,,,,"0"
"https://soderberg.sharepoint.com/sites/FS-WM-TacticalAssetAllocation",,"NoRequestFound",,,,,"0"
"https://soderberg.sharepoint.com/sites/FS-SAKS.P.Ofab",,"NoRequestFound",,,,,"0"
"https://soderberg.sharepoint.com/sites/FS-Pension-Maklarregistrering",,"NoRequestFound",,,,,"0"
"https://soderberg.sharepoint.com/sites/FS-Orebro",,"NoRequestFound",,,,,"0"
"https://soderberg.sharepoint.com/sites/FS-WM-Utvardeourcingavtal",,"NoRequestFound",,,,,"0"
"https://soderberg.sharepoint.com/sites/FS-WM-Portfoljforvaltning",,"NoRequestFound",,,,,"0"
"https://soderberg.sharepoint.com/sites/FS-NO-Garanti",,"NoRequestFound",,,,,"0"
"https://soderberg.sharepoint.com/sites/FS-S.P.BECPENStockholmAB",,"NoRequestFound",,,,,"0"
"https://soderberg.sharepoint.com/sites/FS-Praxis",,"NoRequestFound",,,,,"0"
"https://soderberg.sharepoint.com/sites/FS-NordmarkochPartnersAB",,"NoRequestFound",,,,,"0"
"https://soderberg.sharepoint.com/sites/FS-SimpelForsikring",,"NoRequestFound",,,,,"0"
"https://soderberg.sharepoint.com/sites/FS-Sobro",,"NoRequestFound",,,,,"0"
"https://soderberg.sharepoint.com/sites/FS-TeamMJC",,"NoRequestFound",,,,,"0"
"https://soderberg.sharepoint.com/sites/FS-JESkelleftea",,"NoRequestFound",,,,,"0"
"https://soderberg.sharepoint.com/sites/FS-SPangelholm",,"NoRequestFound",,,,,"0"
"https://soderberg.sharepoint.com/sites/FS-TeamWMHelsingborg",,"NoRequestFound",,,,,"0"
"https://soderberg.sharepoint.com/sites/FS-WM-QuantAnalysis",,"NoRequestFound",,,,,"0"
"https://soderberg.sharepoint.com/sites/fs-wm-SecEx-Affrsstd",,"NoRequestFound",,,,,"0"
"https://soderberg.sharepoint.com/sites/FS-Aktieinvest_dokumentarkiv",,"NoRequestFound",,,,,"0"
"https://soderberg.sharepoint.com/sites/FS-HRGlobal",,"NoRequestFound",,,,,"0"
"https://soderberg.sharepoint.com/sites/TEST-Stab",,"NoRequestFound",,,,,"0"
"https://soderberg.sharepoint.com/sites/FS-LegalFinance",,"NoRequestFound",,,,,"0"
"https://soderberg.sharepoint.com/sites/FS-WM-Affarsstod",,"NoRequestFound",,,,,"0"
"https://soderberg.sharepoint.com/sites/FS-Bonnayas_gemensamma_dokumentarea",,"NoRequestFound",,,,,"0"
"https://soderberg.sharepoint.com/sites/FS-SPUtbildning",,"NoRequestFound",,,,,"0"
"https://soderberg.sharepoint.com/sites/FS-SE-Non-Life-Eurostar","06b49463-539b-4f9a-8468-cf35d5efe0d2","CompleteSuccess","2/21/2025 6:59:43 PM","2/21/2025 6:59:43 PM","2108","0","1.315"
"https://soderberg.sharepoint.com/sites/FS-Meklaritalo-Siirtu",,"NoRequestFound",,,,,"0"
"https://soderberg.sharepoint.com/sites/FS-TeamLinus",,"NoRequestFound",,,,,"0"
"https://soderberg.sharepoint.com/sites/FS-DinForsikringsmgler",,"NoRequestFound",,,,,"0"
"https://soderberg.sharepoint.com/sites/FS-WM-ESG",,"NoRequestFound",,,,,"0"
"https://soderberg.sharepoint.com/sites/FS-WHA",,"NoRequestFound",,,,,"0"
"https://soderberg.sharepoint.com/sites/FS-TeamSNK",,"NoRequestFound",,,,,"0"
"https://soderberg.sharepoint.com/sites/FS-CA-FO3",,"NoRequestFound",,,,,"0"
"https://soderberg.sharepoint.com/sites/FS-TeamHeyman",,"NoRequestFound",,,,,"0"
"https://soderberg.sharepoint.com/sites/FS-WM-Backoffice",,"NoRequestFound",,,,,"0"
"https://soderberg.sharepoint.com/sites/FS-ComplianceNetherlands",,"NoRequestFound",,,,,"0"
"https://soderberg.sharepoint.com/sites/FS-Vaxeln",,"NoRequestFound",,,,,"0"
"https://soderberg.sharepoint.com/sites/FS-WMRevenues",,"NoRequestFound",,,,,"0"
"https://soderberg.sharepoint.com/sites/FS-WM-Ledningsgrupp",,"NoRequestFound",,,,,"0"
"https://soderberg.sharepoint.com/sites/FS-WM-ManagerResearch",,"NoRequestFound",,,,,"0"
"https://soderberg.sharepoint.com/sites/FS-Sundsvallskontoret",,"NoRequestFound",,,,,"0"
"https://soderberg.sharepoint.com/sites/FS-S.P.KonceptAB",,"NoRequestFound",,,,,"0"
"https://soderberg.sharepoint.com/sites/FS-SPKJEJStockholmAB",,"NoRequestFound",,,,,"0"
"https://soderberg.sharepoint.com/sites/FS-FO-Affarsstod",,"NoRequestFound",,,,,"0"
"https://soderberg.sharepoint.com/sites/FS-SPBNFSundsvallAB",,"NoRequestFound",,,,,"0"
"https://soderberg.sharepoint.com/sites/FS-Direct-SkovdeJonkoping",,"NoRequestFound",,,,,"0"
"https://soderberg.sharepoint.com/sites/FS-WM-Hallbarhet",,"NoRequestFound",,,,,"0"
"https://soderberg.sharepoint.com/sites/FS-NO-Agentur",,"NoRequestFound",,,,,"0"
"https://soderberg.sharepoint.com/sites/FS-Kalmarkontoret",,"NoRequestFound",,,,,"0"
"https://soderberg.sharepoint.com/sites/FS-WM-Instgemensamt","0d77c531-e560-4597-89fe-e48636288812","InProgress","2/22/2025 2:43:25 PM",,"40207","0","120.149"
"https://soderberg.sharepoint.com/sites/FS-RudbergPartnersAB",,"NoRequestFound",,,,,"0"
"https://soderberg.sharepoint.com/sites/FS-WM-Regelefterlevnad",,"NoRequestFound",,,,,"0"
"https://soderberg.sharepoint.com/sites/FS-NordicaFP",,"NoRequestFound",,,,,"0"
"https://soderberg.sharepoint.com/sites/FS-Sak-TransactionalServices",,"NoRequestFound",,,,,"0"
"https://soderberg.sharepoint.com/sites/FS-TeamSandbergOlsson",,"NoRequestFound",,,,,"0"
"https://soderberg.sharepoint.com/sites/nl-sm-ICT-Meldingen",,"NoRequestFound",,,,,"0"
"https://soderberg.sharepoint.com/sites/FS-ForskringsanalysPierreGustavsonAB",,"NoRequestFound",,,,,"0"
"https://soderberg.sharepoint.com/sites/FS-NO-Batforsikring",,"NoRequestFound",,,,,"0"
